[{"nickname":"Alessia ","commento":"Ciao"},{"nickname":"","commento":""},{"nickname":"Marta","commento":"Ciao"},{"nickname":"","commento":""},{"nickname":"","commento":""},{"nickname":"","commento":""},{"nickname":"","commento":""},{"nickname":"","commento":""},{"nickname":"","commento":""},{"nickname":"","commento":""},{"nickname":"","commento":""},{"nickname":"MDTUMKYJYJ","commento":"RYRYJRYYR"},{"nickname":"MDTUMKYJYJ","commento":"RYRYJRYYR"},{"nickname":"MDTUMKYJYJ","commento":"RYRYJRYYR"},{"nickname":"MDTUMKYJYJ","commento":"RYRYJRYYR"},{"nickname":"","commento":""},{"nickname":"","commento":""},{"nickname":"","commento":""},{"nickname":"","commento":""},{"nickname":"","commento":""},{"nickname":"","commento":""},{"nickname":"","commento":""},{"nickname":"","commento":""},{"nickname":"","commento":""},{"nickname":"THSRTHZDH","commento":"ZHTHNGF"},{"nickname":"","commento":""},{"nickname":"giulia","commento":"ciao"},{"nickname":"giulia","commento":"ciao"}]